name,location,howToGo,bestItem,reviews
"Hazir Biriyani","Nazirabazar, Old Dhaka","Near Nazirabazar Mor, rickshaw from Gulistan","Mutton Biryani","Most famous Biryani in Bangladesh with unique taste [9]"
"Sultan's Dine","Dhanmondi, Dhaka","Near Shimanto Square, Jigatola","Kacchi Biryani","Premium Kacchi with excellent reviews and high demand "
"Star Hotel & Kabab","Dhanmondi, Dhaka","Road 2, near City College","Mutton Leg Roast","Iconic Dhaka chain known for consistent quality and kebabs "
"Kacchi Bhai","Old Dhaka","Near Nazirabazar","Mutton Kacchi","Traditional Old Dhaka taste with high volume sales [8]"
"Salam's Kitchen","Banani, Dhaka","Road 11, Banani","Morog Polau","High-quality ingredients and modern dining environment "
"Jhunur Polao","Narinda, Dhaka","Near Narinda Mor","Beef Polao","Historic establishment known for authentic local flavors [8]"
"Cookers 71","Karwan Bazar, Dhaka","Opposite Titash Gas","Vuna Khichuri","Popular lunch spot for office workers in central Dhaka [8]"
"HeeraJhil","Motijheel, Dhaka","Near Bank Colony","Vuna Khichuri","A legendary spot for commercial area diners [8]"
"Dokhina Kitchen","Khilgaon, Dhaka","Tilpapara area","Vuna Khichuri","Popular Khilgaon food street outlet with good variety [8]"
"Al-Kaderia","Rampura, Dhaka","Near Rampura Bajar","Letka Khichuri","Famous for late-night meals and spicy khichuri [8]"
"Nowabi Biriyani House","Uttara, Dhaka","Sector 7, near Mascot Plaza","Letka Khichuri","Excellent quality and clean environment for families [8]"
"Lalbag Biriyani","Dhanmondi 15, Dhaka","Near Shankar bus stand","Vuna Khichuri","Inexpensive yet flavorful traditional meals [8]"
"Abesh","Mirpur 2, Dhaka","Near Mirpur Stadium","Vuna Khichuri","Solid local choice for Mirpur residents [8]"
"Durbin Bangla","Mohakhali, Dhaka","Near Wireless Gate","Bhat Bhorta","Specialized in traditional deshi breakfast and lunch [8]"
"Oshtobenjon","Panthapath, Dhaka","Near Bashundhara City","64 Items Bhorta","The premier destination for diverse bhorta varieties [8]"
"Bangaliana Bhoj","Panthapath, Dhaka","Near Samorita Hospital","Bengali Thali","Authentic traditional Bengali meal experience [8]"
"Robbani","Mirpur 10, Dhaka","Near Mirpur 10 Circle","Bhat Bhorta","A local favorite for fresh bhorta and dal [8]"
"Shoro Ritu","Uttara, Dhaka","Sector 3","Bhat Bhorta","Traditional setting with seasonal specialties [8]"
"Bhorta Bari","Dhanmondi, Dhaka","Near Dhanmondi 15","Bhorta Platter","Casual dining focused on authentic mashes [8]"
"Sobhanbag Tehari Ghor","Dhanmondi, Dhaka","Near Sobhanbag Mosque","Beef Tehari","Authentic mustard oil flavor with great aroma [8]"
"Nurani Tehari","Hajaribag, Dhaka","Near Tannery Mor","Beef Tehari","Local favorite known for spicy and greasy tehari [8]"
"Maruf Biriyani","Hajaribag, Dhaka","Near Hajaribag","Beef Tehari","Excellent taste at a very affordable price [8]"
"Noyon Biriyani","Badda, Dhaka","Badda-Gulshan link road","Beef Tehari","Popular spot for commuters and locals [8]"
"House of Tehari","Banani, Dhaka","Road 11","Beef Tehari","Modernized tehari shop with premium quality [8]"
"Allahr Dan Biriyani","Rampura, Dhaka","Rampura Bajar","Beef Tehari","Reliable taste and good portion size [8]"
"Kholil Beef Hotel","Banasree, Dhaka","Near Farazy Hospital","Kima Biriyani","Highly sought after for unique beef preparations [8]"
"Muktar Biriyani","Khilgaon, Dhaka","Tilpapara","Chap Polao","Well-known in Khilgaon's thriving food street [8]"
"Green Olive","Green Road, Dhaka","Near Panthapath","Grilled Chicken","Exceptional spice mix and perfectly grilled chicken [8]"
"Beresta","Rampura, Dhaka","Rampura Bajar","Grilled Chicken","Popular for breakfast and late-night snacks [8]"
"Nadim Biriyani","Mohammadpur, Dhaka","Townhall","Grilled Chicken","Large portions and iconic taste in the area [8]"
"Apurba Hotel","Mohammadpur, Dhaka","Townhall","Beef Chap","Known for the best beef chap in Mohammadpur [8]"
"Kabab Inn","Old Dhaka","Nazimuddin Road","Seekh Kabab","Historic kabab shop with authentic spices [8]"
"Anondo Bekari","Old Dhaka","Shat Rowja","Shuta Kabab","Traditional preparation using unique binding methods [8]"
"GSB Canteen","Segun Bagicha, Dhaka","Near Shilpakala","Grilled Chicken","Budget-friendly but high quality grilled chicken [8]"
"Manzar Kabab","Mohammadpur, Dhaka","Zakir Hossain Road","Jhuragosh","Over 40 years of business, considered best in town [8]"
"Miraz Hotel","Mohammadpur, Dhaka","Near Manzar","Dalpuri","Famous for crispy dalpuri and liver shingara [8]"
"Rokomari Kabab","Mohammadpur, Dhaka","Salimullah Road","Beef Intestine Kabab","Niche kabab specialist for traditional organ meats [8]"
"Buddhur Puri","Sutrapur, Dhaka","Dalpotti","Dalpuri","Legendary snack spot in Old Dhaka [8]"
"Canton Restaurant","Moghbazar, Dhaka","Near Moghbazar Mor","Thai Soup","Maintains old-school deshi-chinese taste [8]"
"Changpai","Moghbazar, Dhaka","Near Wireless","Beef Sizzling","Famous for authentic sizzlers and generous portions [8]"
"Hakka Dhaka","Dhanmondi, Dhaka","Road 27","Fusion Chinese","Popular modern Chinese fusion spot [8]"
"Latitude 23","Nikunja, Dhaka","Le Meridien Hotel","International Buffet","High-end luxury dining with massive variety [9]"
"Bunka","Gulshan, Dhaka","Road 11","Japanese Teppanyaki","Authentic Japanese experience with great sushi [9]"
"Seasonal Tastes","Gulshan, Dhaka","Westin Hotel","Pan-Asian Buffet","Elite buffet with diverse international options [9]"
"Bar B Q Tonight","Dhanmondi, Dhaka","Road 27","Reshmi Kabab","The gold standard for outdoor grilling atmosphere [9, 13]"
"Fish & Co","Gulshan, Dhaka","Road 11 circle","Fish and Chips","Seafood specialist with global brand recognition [9]"
"Nirob Hotel","Old Dhaka","Nazimuddin Road","Vorta Platter","The ultimate bhorta destination for foodies [9, 13]"
"Bella Italia","Gulshan, Dhaka","Road 11","Wood-fired Pizza","Authentic Italian taste in the heart of Dhaka [9]"
"Goong The Castle","Gulshan, Dhaka","Road 50","Korean BBQ","Authentic Korean palace food in a unique setting [13]"
"Istanbul Restaurant","Gulshan, Dhaka","Road 118","Turkish Platter","Turkish flavors with authentic ingredients [13, 14]"